first_name_any,last_name,email,lorem_text,random_date,random_percentage
Trinity,Hermiston,Precious38@gmail.com,nam ut corrupti,10/16/2025,64

Tyree,Borer,Tressie19@yahoo.com,saepe repellat quam,10/16/2025,12

Prince,Haley,Angela.Weissnat@gmail.com,doloremque possimus tempora,10/16/2025,30

Nakia,Medhurst,Norberto.Von@gmail.com,aut quia odio,10/16/2025,70

Quinten,Metz,Mariano.Hauck@yahoo.com,quo sunt autem,10/16/2025,79

Elise,Cremin,Ludwig.Hahn@hotmail.com,sit esse sequi,10/16/2025,11

Tatum,Volkman,Sister33@hotmail.com,et commodi reiciendis,10/16/2025,37

Stan,Schuster,Itzel_Beahan@gmail.com,delectus non quibusdam,10/16/2025,0

Mervin,Von,Estell44@gmail.com,veritatis illum omnis,10/16/2025,72

Walter,Beatty,Moriah92@yahoo.com,quae explicabo temporibus,10/16/2025,19

Lew,Leannon,Westley_Thiel@gmail.com,odit rerum autem,10/16/2025,70

Alberto,Jast,Cassandra17@gmail.com,ut ut cupiditate,10/16/2025,42

Herminio,Gorczany,Daphne.Conroy62@yahoo.com,quibusdam ad aperiam,10/16/2025,63

Beatrice,Wilkinson,Imani90@hotmail.com,quisquam voluptas velit,10/16/2025,63

Coleman,Dickinson,Kennedi.Kreiger@gmail.com,error nesciunt nisi,10/16/2025,24

Guillermo,Mueller,Ophelia_Bradtke45@hotmail.com,corporis commodi commodi,10/15/2025,51

Rene,Kris,Velma23@gmail.com,excepturi rerum sequi,10/16/2025,55
